SYS_FIELD_NAME,FIELD_DESC
FL_DATE,Flight Date (yyyymmdd)
OP_UNIQUE_CARRIER,"Unique Carrier Code. When the same code has been used by multiple carriers, a numeric suffix is used for earlier users, for example, PA, PA(1), PA(2). Use this field for analysis across a range of years."
OP_CARRIER,"Code assigned by IATA and commonly used to identify a carrier. As the same code may have been assigned to different carriers over time, the code is not always unique. For analysis, use the Unique Carrier Code."
ORIGIN,Origin Airport
ORIGIN_STATE_NM,"Origin Airport, State Name"
DEST,Destination Airport
DEST_STATE_ABR,"Destination Airport, State Code"
DEP_DELAY,Difference in minutes between scheduled and actual departure time. Early departures show negative numbers.
ACTUAL_ELAPSED_TIME,"Elapsed Time of Flight, in Minutes"
DISTANCE,Distance between airports (miles)
